{"cameraMode":{"drawMode":0,"name":"Shaded","section":"Shading Mode"},"sceneLighting":true,"audioPlay":false,"sceneViewState":{"showFog":true,"showMaterialUpdate":false,"showSkybox":true,"showFlares":true,"showImageEffects":true,"showParticleSystems":true},"in2DMode":false,"pivot":{"x":-3.0374279022216799,"y":1.9906420707702637,"z":-0.7803936004638672},"rotation":{"x":-0.07816066592931748,"y":-0.04276286065578461,"z":0.0033322800882160665,"w":-0.9960460066795349},"size":26.666566848754884,"orthographic":false}